{"cameraMode":{"drawMode":0,"name":"Shaded","section":"Shading Mode"},"sceneLighting":true,"audioPlay":false,"sceneViewState":{"m_AlwaysRefresh":false,"showFog":true,"showSkybox":true,"showFlares":true,"showImageEffects":true,"showParticleSystems":true,"showVisualEffectGraphs":true,"m_FxEnabled":true},"in2DMode":false,"pivot":{"x":0.31498128175735476,"y":-7.004809856414795,"z":-10.631241798400879},"rotation":{"x":0.0605623759329319,"y":0.9385316967964172,"z":-0.26065346598625185,"w":0.21806424856185914},"size":26.459081649780275,"orthographic":true}